name,recipe,base_ingredient,diet,preparation_method,taste,time_of_taking,cuisine_followed,region,protein_rich_indicator,nutritional_benefits,,,,,
Adhirasam,"Rice flour, jaggery, ghee, vegetable oil, elachi",Rice,vegetarian,Fried,sweet,Evening,Bengali,North Indian,Not Rich in Protein,High Fiber,,,,,
Aloo gobi,"Cauliflower, potato, garam masala, turmeric, curry leaves",Potato,vegetarian,Curry,spicy,Dinner,Punjabi,North Indian,Not Rich in Protein,Vitamins and Minerals,,,,,
Aloo matar,"Potato, peas, chillies, ginger, garam masala, garlic",Potato,vegetarian,Curry,spicy,Lunch,Punjabi,North Indian,Not Rich in Protein,Vitamins and Minerals,,,,,
Aloo methi,"Potato, fenugreek leaves, chillies, salt, oil",Potato,vegetarian,Curry,bitter,Dinner,Punjabi,North Indian,Not Rich in Protein,Vitamins and Minerals,,,,,
Aloo shimla mirch,"Potato, shimla mirch, garam masala, amchur powder, salt",Potato,vegetarian,Curry,spicy,Dinner,Punjabi,North Indian,Not Rich in Protein,Vitamins and Minerals,,,,,
Aloo tikki,"Rice flour, potato, bread crumbs, garam masala, salt",Potato,vegetarian,Fried,spicy,Evening,Punjabi,North Indian,Not Rich in Protein,Vitamins and Minerals,,,,,
Alu Pitika,"Potatoes, mustard oil, fish, green chillies",Potato,non vegetarian,Curry,spicy,Evening,Assam,North Indian,Not Rich in Protein,Vitamins and Minerals,,,,,
Amti,"Kala masala, arhar dal, curry leaves, mustard seeds, hot water",Lentils,vegetarian,Curry,spicy,Lunch,Maharashtrian,North Indian,Rich in Protein,Vitamins and Minerals,,,,,
Anarsa,"Rice flour, jaggery, khus-khus seeds",Rice,vegetarian,Fried,sweet,Evening,Maharashtrian,North Indian,Not Rich in Protein,Iron-Rich,,,,,
Ariselu,"Rice flour, jaggery, ghee",Rice,vegetarian,Fried,sweet,Evening,Hyderabadi,South Indian,Not Rich in Protein,Iron-Rich,,,,,
Attu,"Whole wheat flour, arhar dal, ginger, kala jeera, green chilli",Lentils,vegetarian,Fried,spicy,Breakfast,Hyderabadi,South Indian,Not Rich in Protein,High Fiber,,,,,
Avial,"Raw banana, elephant foot yam, long beans, tindora, urad dal",Vegetables,vegetarian,Curry,spicy,Lunch,Kerala,South Indian,Not Rich in Protein,Vitamins and Minerals,,,,,
Bajri no rotlo,"Wheat flour, pearl millet flour, hot water",Millet,vegetarian,Roasted,spicy,Evening,Gujarathi,North Indian,Not Rich in Protein,High Fiber,,,,,
Balu shahi,"Maida flour, yogurt, oil, sugar",Flour,vegetarian,Fried,sweet,Evening,Bengali,North Indian,Not Rich in Protein,High Fat,,,,,
Bandar laddu,"Besan, jaggery, cardamom powder, ghee, cashews and raisins, jaggery syrup, sugar",Flour,vegetarian,Spread,sweet,Evening,Hyderabadi,South Indian,Not Rich in Protein,High Fat,,,,,
Basundi,"Sugar, milk, nuts",Milk,vegetarian,Baked,sweet,Evening,Gujarathi,North Indian,Not Rich in Protein,Calcium-Rich,,,,,
Bebinca,"Coconut milk, egg yolks, clarified butter, all purpose flour",Egg,vegetarian,Baked,sweet,Evening,Goan,North Indian,Rich in Protein,High Fat,,,,,
Beef Fry,"Beef, coconut, garam masala, curry leaves, green chilies, chili powder",Beef,non vegetarian,Fried,spicy,Dinner,Kerala,South Indian,Not Rich in Protein,High Fat,,,,,
Bengena Pitika,"Brinjal, onions, salt, sesame seeds, coriander",Eggplant,vegetarian,Curry,-1,Evening,Assam,North Indian,Not Rich in Protein,Vitamins and Minerals,,,,,
Bhakri,"Jowar flour, sesame seeds",Flour,vegetarian,Roasted,-1,Evening,Maharashtrian,North Indian,Not Rich in Protein,High Fiber,,,,,
Bhatura,"Chole, rava, yogurt, plain flour, baking soda",Flour,vegetarian,Fried,spicy,Dinner,Punjabi,North Indian,Not Rich in Protein,High Fat,,,,,
Bhindi masala,"Ladies finger, garam masala, kasuri methi, tomatoes, chili powder",Okra,vegetarian,Curry,spicy,Dinner,Punjabi,North Indian,Rich in Protein,Vitamins and Minerals,,,,,
Bilahi Maas,"Potatoes, garam masala, tomatoes, mustard oil, bay leaf",Fish,non vegetarian,Curry,-1,Dinner,Assam,North Indian,Not Rich in Protein,Vitamins and Minerals,,,,,
Biryani,"Chicken thighs, basmati rice, star anise, sweet, green chillies",Rice,non vegetarian,Curry,spicy,Lunch,Hyderabadi,South Indian,Not Rich in Protein,Vitamins and Minerals,,,,,
Bisi bele bath,"Split pigeon peas, chana dal, urad dal, green peas, french beans",Rice and lentils,vegetarian,Curry,spicy,Lunch,Karnataka,South Indian,Not Rich in Protein,Vitamins and Minerals,,,,,
Black rice,"Forbidden black rice, chicken, olive oil, slivered almonds, garlic powder",Rice,non vegetarian,Boiled (or Steamed),-1,Anytime,Manipur,North Indian,Not Rich in Protein,High Fiber,,,,,
Bombil fry,"Bombay duck, malvani masala, rice flour, bombay rava, green chilies",Fish,non vegetarian,Fried,spicy,Dinner,Maharashtrian,North Indian,Not Rich in Protein,High Fat,,,,,
Boondi,"Gram flour, ghee, sugar",Flour,vegetarian,Fried,sweet,Evening,Rajasthan,North Indian,Not Rich in Protein,High Fat,,,,,
Bora Sawul,"Biryani masala, mixed vegetables, yellow moong daal, whole red, mustard seeds",Rice,vegetarian,Boiled (or Steamed),spicy,Anytime,Assam,North Indian,Not Rich in Protein,High Fiber,,,,,
Brown Rice,"Brown rice, soy sauce, olive oil",Rice,vegetarian,Boiled (or Steamed),-1,Anytime,-1,-1,Not Rich in Protein,High Fiber,,,,,
Butter chicken,"Chicken, greek yogurt, cream, garam masala powder, cashew nuts, butter",Beef,non vegetarian,Curry,spicy,Dinner,NCT of Delhi,North Indian,Not Rich in Protein,High Fat,,,,,
Chak Hao Kheer,"Rice, milk, sugar, cardamom",Rice,vegetarian,Boiled (or Steamed),sweet,Anytime,Manipur,North Indian,Not Rich in Protein,Vitamins and Minerals,,,,,
Chakali,"Rice flour, sesame, plain flour, turmeric, red chilli",Flour,vegetarian,Fried,spicy,Anytime,Maharashtrian,North Indian,Not Rich in Protein,High Fat,,,,,
Cham cham,"Flour, cream, sugar, saffron, lemon juice, coconut flakes",Paneer,vegetarian,Spread,sweet,Anytime,Bengali,North Indian,Not Rich in Protein,High Fat,,,,,
Chana masala,"Chickpeas, tomato paste, garam masala, ginger, red onion, avocado oil",Chickpeas,vegetarian,Curry,spicy,Dinner,Punjabi,North Indian,Not Rich in Protein,High Fiber,,,,,
Chapati,"Whole wheat flour, olive oil, hot water, all purpose flour",Wheat flour,vegetarian,Roasted,-1,Anytime,Maharashtrian,North Indian,Not Rich in Protein,High Fiber,,,,,
Cheera Doi,"Rice, mango, curd",Spinach,vegetarian,Spread,sweet,Anytime,Bengali,North Indian,Not Rich in Protein,Vitamins and Minerals,,,,,
Chevdo,"Citric acid, fry, raisins, sugar, chana daal",Mixed ingredients,vegetarian,Fried,spicy,Evening,Gujarathi,North Indian,Not Rich in Protein,High Fat,,,,,
Chhena jalebi,"Chhena, sugar, ghee",Paneer,vegetarian,Fried,sweet,Anytime,Odisha,North Indian,Not Rich in Protein,High Fat,,,,,
Chhena kheeri,"Chhena, sugar, milk",Paneer,vegetarian,Baked,sweet,Anytime,Odisha,North Indian,Rich in Protein,Calcium-Rich,,,,,
Chhena poda,"Sugar, chenna cheese",Paneer,vegetarian,Baked,sweet,Anytime,Odisha,North Indian,Rich in Protein,Calcium-Rich,,,,,
Chicken razala,"Chicken, dahi, sesame seeds, garam masala powder, cashew nuts, saffron",Chicken,non vegetarian,Curry,spicy,Dinner,Bengali,North Indian,Rich in Protein,High Fat,,,,,
Chicken Tikka,"Chicken, whole wheat bread, rice flour, garam masala powder, whole egg",Chicken,non vegetarian,Roasted,spicy,Dinner,Punjabi,North Indian,Rich in Protein,High Fat,,,,,
Chicken Tikka masala,"Naan bread, tomato sauce, skinless chicken breasts, heavy cream, garam masala",Chicken,non vegetarian,Curry,spicy,Dinner,Punjabi,North Indian,Not Rich in Protein,High Fat,,,,,
Chicken Varuval,"Meat curry powder, chicken chunks, ginger, tomato, cinnamon",Chicken,non vegetarian,Fried,spicy,Dinner,Tamil,South Indian,Not Rich in Protein,High Fat,,,,,
Chikki,"Peanuts, jaggery",Nuts,vegetarian,Fried,sweet,Anytime,Maharashtrian,North Indian,Not Rich in Protein,High Fat,,,,,
Chingri Bhape,"Coconut, prawns, curd, mustard seed, green chili",Prawns,non vegetarian,Boiled (or Steamed),-1,Dinner,Bengali,North Indian,Not Rich in Protein,High Fat,,,,,
Chingri malai curry,"Coconut milk, lobster, fresh green chilli, ginger, red onion",Prawns,non vegetarian,Curry,spicy,Dinner,Bengali,North Indian,Not Rich in Protein,High Fat,,,,,
Chole bhature,"Chole, bhatura, garam masala, bay leaf, cinnamon stick",Chickpeas,vegetarian,Fried,spicy,Dinner,Punjabi,North Indian,Not Rich in Protein,High Fat,,,,,
Chorafali,"Urad dal, bengal gram flour, dried mango, baking soda, black salt",Flour,vegetarian,Fried,spicy,Evening,Gujarathi,North Indian,Not Rich in Protein,High Fat,,,,,
Churma Ladoo,"Whole wheat flour, khus khus, sesame seeds, dry coconut, gur",Whole wheat flour,vegetarian,Fried,sweet,Anytime,Rajasthan,North Indian,Not Rich in Protein,High Fiber,,,,,
Coconut vadi,"Condensed milk, mawa, desiccated coconut, almonds, cashews",Condensed milk,vegetarian,Fried,sweet,Anytime,Maharashtrian,North Indian,Rich in Protein,High Fat,,,,,
Copra paak,"Condensed milk, nestle cream, coconut ice, red food coloring, desiccated coconut",Condensed milk,vegetarian,Baked,-1,Anytime,Gujarathi,North Indian,Rich in Protein,High Fat,,,,,
Currivepillai sadam ,"Chana dal, urad dal, fresh coconut, sesame seeds, curry leaves",Chana dal,vegetarian,Curry,spicy,Lunch,Tamil,South Indian,Rich in Protein,Vitamins and Minerals,,,,,
Daal baati churma,"Moong dal, masoor dal, chana dal, wheat flour, almond",Moong dal,vegetarian,Boiled (or Steamed),spicy,Lunch,Rajasthan,North Indian,Not Rich in Protein,High Fiber,,,,,
Daal Dhokli,"Whole wheat flour, dal, kokum, gur, bengal gram flour",Whole wheat flour,vegetarian,Boiled (or Steamed),spicy,Lunch,Gujarathi,North Indian,Rich in Protein,High Fiber,,,,,
Daal puri,"Moong dal, garam masala powder, garlic, green chilli, all purpose flour",Moong dal,vegetarian,Fried,spicy,Lunch,Bengali,North Indian,Rich in Protein,High Fiber,,,,,
Dahi vada,"Urad dal, bhuna chana, garam masala, dates, tamarind",Urad dal,vegetarian,Fried,-1,Anytime,Maharashtrian,North Indian,Rich in Protein,Vitamins and Minerals,,,,,
Dal makhani ,"Red kidney beans, urad dal, cream, garam masala, chili powder",Red kidney beans,vegetarian,Curry,sweet,Lunch,Punjabi,North Indian,Rich in Protein,High Fiber,,,,,
Dal tadka,"Pigeon peas, garam masala, ginger, red onion, kasuri methi",Pigeon peas,vegetarian,Curry,spicy,Lunch,Punjabi,North Indian,Not Rich in Protein,High Fiber,,,,,
Dalithoy,"Arhar dal, coconut oil, curry leaves, mustard seeds, red chilli",Arhar dal,vegetarian,Curry,-1,Lunch,Maharashtrian,North Indian,Rich in Protein,High Fiber,,,,,
Dharwad pedha,"Milk, Sugar, Dharwadi buffalo milk",Milk,vegetarian,Baked,sweet,Anytime,Karnataka,South Indian,Rich in Protein,Calcium-Rich,,,,,
Dhokla,"Rava, coconut, gram flour, mustard, sesame",Rava,vegetarian,Boiled (or Steamed),spicy,Anytime,Gujarathi,North Indian,Rich in Protein,High Fiber,,,,,
Dhondas,"Cucumber, rava",Cucumber,vegetarian,Baked,sweet,Anytime,Maharashtrian,North Indian,Not Rich in Protein,High Fiber,,,,,
Doodhpak,"Milk, rice, sugar, dry fruits",Milk,vegetarian,Boiled (or Steamed),sweet,Anytime,Gujarathi,North Indian,Not Rich in Protein,Calcium-Rich,,,,,
Dosa,"Chana dal, urad dal, whole urad dal, blend rice, rock salt",Chana dal,vegetarian,Roasted,spicy,Anytime,-1,South Indian,Not Rich in Protein,High Fiber,,,,,
Double ka meetha,"Loaf bread, milk",Loaf bread,vegetarian,Baked,sweet,Anytime,Hyderabadi,South Indian,Not Rich in Protein,High Fat,,,,,
Dudhi halwa,"Bottle gourd, green, raisins, sugar, clarified butter",Bottle gourd,vegetarian,Baked,sweet,Anytime,Gujarathi,North Indian,Not Rich in Protein,Vitamins and Minerals,,,,,
Dum aloo,"Baby potatoes, garam masala, cashew nuts, kasuri methi, tomatoes",Baby potatoes,vegetarian,Curry,spicy,Dinner,Jammu & Kashmir,North Indian,Not Rich in Protein,Vitamins and Minerals,,,,,
Fara,"Chana dal, whole wheat flour, arhar dal, white urad dal, garam masala powder",Chana dal,vegetarian,Boiled (or Steamed),spicy,Anytime,Chhattisgarh,North Indian,Not Rich in Protein,High Fiber,,,,,
Farsi Puri,"Semolina, clarified butter, oil, white flour, black pepper",Semolina,vegetarian,Fried,-1,Anytime,Gujarathi,North Indian,Not Rich in Protein,High Fiber,,,,,
Gajar ka halwa,"Carrots, milk, sugar, ghee, cashews, raisins",Carrots,vegetarian,Baked,sweet,Anytime,Punjabi,North Indian,Not Rich in Protein,Vitamins and Minerals,,,,,
Galho,"Rice, axone, salt, water, chillies, pork",Rice,non vegetarian,Curry,spicy,Anytime,Nagaland,North Indian,Not Rich in Protein,Vitamins and Minerals,,,,,
Gatta curry,"Yogurt, besan, sauce, garam masala powder, gram flour",Yogurt,vegetarian,Curry,spicy,Dinner,Rajasthan,North Indian,Not Rich in Protein,High Fiber,,,,,
Gavvalu,"Rice flour, sugar, salt, ghee, semolina",Rice flour,vegetarian,Fried,sweet,Anytime,Hyderabadi,South Indian,Not Rich in Protein,High Fiber,,,,,
Gheela Pitha,"Sticky rice, rice flour, jaggery, orange rind",Sticky rice,vegetarian,Fried,sweet,Anytime,Assam,North Indian,Not Rich in Protein,High Fiber,,,,,
Ghevar,"Flour, ghee, kewra, milk, clarified butter, sugar, almonds, pistachio, saffron, green cardamom",Flour,vegetarian,Fried,sweet,Anytime,Rajasthan,North Indian,Not Rich in Protein,High Fiber,,,,,
Ghooghra,"Dry fruits, semolina, all purpose flour",Dry fruits,vegetarian,Fried,spicy,Anytime,Gujarathi,North Indian,Not Rich in Protein,High Fat,,,,,
Goja,"Baking soda, clarified butter, oil, all purpose flour",Baking soda,vegetarian,Fried,sweet,Anytime,Bengali,North Indian,Not Rich in Protein,High Fiber,,,,,
Gud papdi,"Wheat flour, jaggery, clarified butter, sliced almonds",Wheat flour,vegetarian,Baked,sweet,Anytime,Gujarathi,North Indian,Not Rich in Protein,High Fat,,,,,
Gulab jamun,"Milk powder, plain flour, baking powder, ghee, milk, sugar, water, rose water",Milk powder,vegetarian,Fried,sweet,Anytime,Bengali,North Indian,Not Rich in Protein,High Fiber,,,,,
Halvasan,"Whole wheat rava, chia seed, lemon, edible gum, litre milk",Whole wheat rava,vegetarian,Baked,sweet,Anytime,Gujarathi,North Indian,Not Rich in Protein,High Fat,,,,,
Hando Guri,"Jaggery, raisins",Jaggery,vegetarian,Fried,sweet,Anytime,Assam,North Indian,Not Rich in Protein,High Fiber,,,,,
Handwo,"Bottle gourd, chana dal, cabbage, urad dal, toor dal",Bottle gourd,vegetarian,Fried,spicy,Anytime,Gujarathi,North Indian,Not Rich in Protein,High Fiber,,,,,
Haq Maas,"Lamb, garam masala powder, curd, turmeric, bay leaf",Lamb,non vegetarian,Curry,spicy,Dinner,Assam,North Indian,Rich in Protein,High Fiber,,,,,
Idiappam,"Rice flour, hot water, grated coconut",Rice flour,vegetarian,Boiled (or Steamed),spicy,Anytime,Tamil,South Indian,Not Rich in Protein,High Fiber,,,,,
Idli,"Split urad dal, urad dal, idli rice, thick poha, rock salt",Split urad dal,vegetarian,Boiled (or Steamed),spicy,Anytime,-1,South Indian,Not Rich in Protein,High Fiber,,,,,
Imarti,"Sugar syrup, lentil flour",Lentil flour,vegetarian,Fried,sweet,Anytime,Bengali,North Indian,Not Rich in Protein,High Fiber,,,,,
Jalebi,"Maida, corn flour, baking soda, vinegar, curd, water, turmeric, saffron, cardamom",Maida,vegetarian,Fried,sweet,Anytime,Uttar Pradesh,North Indian,Not Rich in Protein,High Fat,,,,,
Jeera Aloo,"Green chilies, lemon juice, chili powder, boiled potatoes",Green chilies,vegetarian,Fried,spicy,Anytime,Gujarathi,North Indian,Not Rich in Protein,High Fat,,,,,
Kaara kozhambu,"Sesame oil, drumstick, tamarind paste, sambar powder, tomato",Sesame oil,vegetarian,Curry,spicy,Dinner,Tamil,South Indian,Not Rich in Protein,High Fiber,,,,,
Kabiraji,"Fish fillet, besan, lemon, mint, ginger",Fish fillet,non vegetarian,Fried,spicy,Anytime,Bengali,North Indian,Not Rich in Protein,High Fat,,,,,
Kachori,"Moong dal, rava, garam masala, dough, fennel seeds",Moong dal,vegetarian,Fried,spicy,Anytime,Uttar Pradesh,North Indian,Not Rich in Protein,High Fiber,,,,,
Kadai paneer,"Cottage cheese, bell peppers, gravy, garam masala, cashew nuts",Cottage cheese,vegetarian,Curry,spicy,Dinner,Punjabi,North Indian,Not Rich in Protein,High Fiber,,,,,
Kadhi pakoda,"Besan, garam masala powder, gram flour, ginger, curry leaves",Besan,vegetarian,Curry,spicy,Dinner,Haryana,North Indian,Not Rich in Protein,High Fiber,,,,,
Kajjikaya,"Rice flour, jaggery, coconut",Rice flour,vegetarian,Fried,sweet,Anytime,Hyderabadi,South Indian,Not Rich in Protein,High Fat,,,,,
Kaju katli,"Cashews, ghee, cardamom, sugar",Cashews,vegetarian,Baked,sweet,Anytime,-1,-1,Not Rich in Protein,High Fat,,,,,
Kakinada khaja,"Wheat flour, sugar",Wheat flour,vegetarian,Fried,sweet,Anytime,Hyderabadi,South Indian,Not Rich in Protein,High Fat,,,,,
Kalakand,"Milk, cottage cheese, sugar",Milk,vegetarian,Baked,sweet,Anytime,Bengali,North Indian,Not Rich in Protein,Calcium-Rich,,,,,
Kanji,"Carrot, yellow mustard, red chilli, black salt",Rice,vegetarian,Boiled (or Steamed),-1,Anytime,Kerala,South Indian,Not Rich in Protein,Vitamins and Minerals,,,,,
Kansar,"Wheat flour, cashews, rapeseed oil",Wheat flour,vegetarian,Boiled (or Steamed),-1,Anytime,Gujarathi,North Indian,Not Rich in Protein,High Fiber,,,,,
Karela bharta,"Bitter gourd, fennel, garam masala powder, chili powder, amchur powder",Bitter gourd,vegetarian,Curry,bitter,Dinner,Punjabi,North Indian,Not Rich in Protein,High Fiber,,,,,
Keerai kootu,"Moong dal, chana dal, spinach, urad dal, coconut oil",Moong dal,vegetarian,Curry,spicy,Lunch,Tamil,South Indian,Not Rich in Protein,High Fiber,,,,,
Keerai masiyal,"Urad dal, curry leaves, sugar, mustard seeds, spinach",Urad dal,vegetarian,Curry,spicy,Lunch,Tamil,South Indian,Not Rich in Protein,High Fiber,,,,,
Keerai poriyal,"Amaranth leaves, split urad dal, mustard seeds, grated coconut, red chili",Amaranth leaves,vegetarian,Fried,spicy,Lunch,Tamil,South Indian,Not Rich in Protein,High Fiber,,,,,
Keerai sadam,"Greens, tomato, mustard seeds, fenugreek seeds",Greens,vegetarian,Curry,spicy,Lunch,Tamil,South Indian,Not Rich in Protein,High Fiber,,,,,
Keri no ras,"Mango, sugar",Mango,vegetarian,Curry,sour,Anytime,Gujarathi,North Indian,Not Rich in Protein,Vitamins and Minerals,,,,,
Khakhra,"Whole wheat flour, low fat, bengal gram flour",Whole wheat flour,vegetarian,Roasted,spicy,Anytime,Gujarathi,North Indian,Not Rich in Protein,High Fiber,,,,,
Khaman,"Yogurt, fresh coconut, sesame seeds, semolina, gram flour",Gram flour,vegetarian,Boiled (or Steamed),spicy,Anytime,Gujarathi,North Indian,Not Rich in Protein,High Fiber,,,,,
Khandvi,"Green chili paste, white sesame seeds, gram flour, curry leaves, green chili",Gram flour,vegetarian,Boiled (or Steamed),spicy,Anytime,Gujarathi,North Indian,Not Rich in Protein,High Fiber,,,,,
Khar,"Raw papaya, panch phoran masala, nigella seeds, mustard oil, fennel seeds",Raw papaya,vegetarian,Curry,-1,Anytime,Assam,North Indian,Not Rich in Protein,High Fiber,,,,,
Kheer,"Milk, rice, sugar, dried fruits",Milk,vegetarian,Boiled (or Steamed),sweet,Anytime,-1,-1,Not Rich in Protein,Calcium-Rich,,,,,
Kheer sagar,"Chenna, condensed milk, sugar, saffron, cardamom",Rice,vegetarian,Boiled (or Steamed),sweet,Anytime,Odisha,North Indian,Not Rich in Protein,Calcium-Rich,,,,,
Khichdi,"Moong dal, green peas, ginger, tomato, green chili",Rice flour,vegetarian,Boiled (or Steamed),spicy,Anytime,-1,-1,Not Rich in Protein,High Fiber,,,,,
Khichu,"Rice flour, sesame seeds, baking soda, peanut oil",Fermented bamboo shoot,vegetarian,Boiled (or Steamed),spicy,Anytime,Gujarathi,North Indian,Not Rich in Protein,High Fiber,,,,,
Khorisa,"Fermented bamboo shoot, potato, ginger, green, mustard oil",Paneer,vegetarian,Curry,spicy,Anytime,Assam,North Indian,Not Rich in Protein,Vitamins and Minerals,,,,,
Kofta,"Paneer, potato, cream, corn flour, garam masala",Chicken,vegetarian,Fried,spicy,Dinner,Uttar Pradesh,North Indian,Not Rich in Protein,Vitamins and Minerals,,,,,
Koldil Chicken,"Banana flower, chicken, green chili, mustard oil, lemon juice",Rice flour,non vegetarian,Curry,spicy,Dinner,Assam,North Indian,Rich in Protein,Vitamins and Minerals,,,,,
Koldil Duck,"Rice flour, mutton, banana, gram flour, olive oil, baking powder",Baingan,non vegetarian,Curry,spicy,Dinner,Assam,North Indian,Rich in Protein,Vitamins and Minerals,,,,,
Kolim Jawla,"Baingan, fish, coconut oil, fresh coconut, ginger",Rice flour,non vegetarian,Curry,spicy,Dinner,Maharashtrian,North Indian,Rich in Protein,Vitamins and Minerals,,,,,
Kombdi vade,"Rice flour, urad dal, wheat flour, gram flour, turmeric",Aloo,vegetarian,Fried,spicy,Dinner,Maharashtrian,North Indian,Rich in Protein,High Fiber,,,,,
Konir Dom,"Aloo, tomatoes, mustard oil, bay leaf, cinnamon stick",Chana dal, vegetarian,Curry,spicy,Dinner,Assam,North Indian,Rich in Protein,Vitamins and Minerals,,,,,
Kootu,"Chana dal, urad dal, potato, beans, peas",Moong dal,vegetarian,Curry,spicy,Lunch,Tamil,South Indian,Not Rich in Protein,High Fiber,,,,,
Kos kootu,"Moong dal, chana dal, cabbage, tamarind, curry leaves",Cucumber,vegetarian,Curry,spicy,Lunch,Tamil,South Indian,Not Rich in Protein,High Fiber,,,,,
Koshambri,"Moong dal, cucumber, curry leaves, green chili, lemon juice",Lemon juice,vegetarian,Curry,spicy,Lunch,Karnataka,South Indian,Not Rich in Protein,Vitamins and Minerals,,,,,
Koshimbir,"Cucumber, carrot, tomatoes, cilantro",Greens,vegetarian,Curry,spicy,Anytime,Maharashtrian,North Indian,Not Rich in Protein,Vitamins and Minerals,,,,,
Kothamali sadam,"Chana dal, urad dal, gooseberry, raw rice, curry leaves",Milk,vegetarian,Curry,spicy,Anytime,Tamil,South Indian,Not Rich in Protein,Vitamins and Minerals,,,,,
Kulfi falooda,"Rose syrup, falooda sev, mixed nuts, saffron, sugar",Rice,vegetarian,Baked,sweet,Lunch,-1,-1,Not Rich in Protein,Calcium-Rich,,,,,
Kumol Sawul,"Rice, eggs, carrot, beetroot",Wheat flour,non vegetarian,Boiled (or Steamed),spicy,Anytime,Assam,North Indian,Not Rich in Protein,High Fiber,,,,,
Kutchi dabeli,"Pav, aloo, peanut, pomegranate, star anise",Rice flour,vegetarian,Fried,spicy,Anytime,Gujarathi,North Indian,Not Rich in Protein,High Fiber,,,,,
Kuzhakkattai,"Sesame oil, raw rice, jaggery, grated coconut",Lentil flour,vegetarian,Boiled (or Steamed),spicy,Anytime,Tamil,South Indian,Not Rich in Protein,High Fiber,,,,,
Kuzhambu,"Pearl onions, urad dal, drumsticks, tomato, curry leaves",Rice,vegetarian,Curry,spicy,Lunch,Tamil,South Indian,Not Rich in Protein,Vitamins and Minerals,,,,,
Kuzhi paniyaram,"Black lentils, rice",Wheat flour,vegetarian,Fried,sweet,Anytime,Kerala,South Indian,Not Rich in Protein,High Fiber,,,,,
Laapsi,"Cinnamon, jaggery, clarified butter, dry roasted",Lentil flour,vegetarian,Boiled (or Steamed),spicy,Anytime,Madhya Pradesh,South Indian,Not Rich in Protein,High Fiber,,,,,
Laddu,"Gram flour, ghee, sugar",Gram flour,vegetarian,Baked,sweet,Anytime,-1,-1,Not Rich in Protein,High Fiber,,,,,
Lassi,"Yogurt, milk, nuts, sugar",Bottle gourd,vegetarian,Boiled (or Steamed),sweet,Anytime,Punjabi,North Indian,Not Rich in Protein,High Fiber,,,,,
Lauki ke kofte,"Bottle gourd, garam masala powder, gram flour, ginger, chillies",Bottle gourd,vegetarian,Curry,spicy,Dinner,Uttar Pradesh,North Indian,Not Rich in Protein,High Fiber,,,,,
Lauki ki subji,"Bottle gourd, coconut oil, garam masala, ginger, green chillies",Wheat flour,vegetarian,Curry,spicy,Dinner,-1,-1,Not Rich in Protein,High Fiber,,,,,
Ledikeni,"Chhena, sugar, ghee",Gram flour,vegetarian,Fried,sweet,Anytime,Bengali,North Indian,Not Rich in Protein,High Fiber,,,,,
Lilva Kachori,"Green garlic chutney, fresh green peas, ginger, lemon juice, plain flour",Wheat flour,vegetarian,Fried,spicy,Anytime,Gujarathi,North Indian,Not Rich in Protein,High Fiber,,,,,
Litti chokha,"Wheat flour, roasted gram flour, tomato, nigella seeds, chilli",Semolina,vegetarian,Fried,spicy,Dinner,Bihar,North Indian,Not Rich in Protein,High Fiber,,,,,
Luchi,"Maida, vegetable oil",Wheat flour,vegetarian,Fried,-1,Dinner,Bengali,North Indian,Not Rich in Protein,High Fiber,,,,,
Lyangcha,"Flour, fried milk power, sugar syrup",Fish,vegetarian,Curry,sweet,Dinner,Assam,North Indian,Not Rich in Protein,High Fiber,,,,,
Maach Jhol,"Fish, potol, tomato, chillies, ginger, garlic",Lentil flour,non vegetarian,Boiled (or Steamed),spicy,Dinner,Assam,North Indian,Not Rich in Protein,Vitamins and Minerals,,,,,
Mag Dhokli,"Moong beans, jaggery, red chillies, oil, salt",Wheat flour,vegetarian,Fried,spicy,Dinner,Gujarathi,North Indian,Not Rich in Protein,High Fiber,,,,,
Mahim halwa,"Semolina, sugar",Corn flour,vegetarian,Baked,sweet,Anytime,Maharashtrian,North Indian,Not Rich in Protein,High Fiber,,,,,
Makki di roti sarson da saag,"Palak, makki atta, mustard green, garam masala, ginger",Wheat flour,vegetarian,Roasted,spicy,Dinner,Punjabi,North Indian,Not Rich in Protein,High Fiber,,,,,
Malapua,"Yoghurt, refined flour, ghee, fennel seeds",Rice flour,vegetarian,Fried,sweet,Anytime,Bihar,North Indian,Not Rich in Protein,High Fiber,,,,,
Masala Dosa,"Chana dal, urad dal, potatoes, idli rice, thick poha",Rice,vegetarian,Roasted,spicy,Anytime,-1,South Indian,Rich in Protein,High Fiber,,,,,
Masor Koni,"Fish roe, pumpkin flowers, mustard oil, turmeric, tomato",Fish,non vegetarian,Curry,spicy,Dinner,Assam,North Indian,Not Rich in Protein,Vitamins and Minerals,,,,,
Masor tenga,"Ridge gourd, fish, lemon, tomatoes, mustard oil",Fish,non vegetarian,Curry,spicy,Dinner,Assam,North Indian,Not Rich in Protein,Vitamins and Minerals,,,,,
Mawa Bati,"Milk powder, dry fruits, arrowroot powder, all purpose flour",Mawa (Khoya),vegetarian,Baked,sweet,Anytime,Madhya Pradesh,South Indian,Not Rich in Protein,High Fiber,,,,,
Methi na Gota,"Rava, gram flour, lemon juice, turmeric, fenugreek leaves",Methi (Fenugreek leaves),vegetarian,Fried,bitter,Anytime,Gujarathi,North Indian,Not Rich in Protein,High Fiber,,,,,
Mihidana,"Besan flour, sugar, ghee",Gram flour,vegetarian,Fried,sweet,Anytime,Bengali,North Indian,Not Rich in Protein,High Fiber,,,,,
Mishti Chholar Dal,"Chana dal, fresh coconut, ginger, cinnamon, raisins",Chana dal,vegetarian,Curry,sweet,Dinner,Bengali,North Indian,Rich in Protein,High Fiber,,,,,
Misi roti,"Whole wheat flour, chickpea flour, green chilies",Flour,vegetarian,Roasted,spicy,Anytime,Punjabi,North Indian,Not Rich in Protein,High Fiber,,,,,
Misti doi,"Milk, jaggery",Milk,vegetarian,Baked,sweet,Anytime,Bengali,North Indian,Not Rich in Protein,High Fiber,,,,,
Modak,"Rice flour, coconut, jaggery ",Rice flour,vegetarian,Boiled (or Steamed),sweet,Anytime,Maharashtrian,North Indian,Not Rich in Protein,High Fiber,,,,,
Mohanthal,"Rose water, pistachio, badam, bengal gram flour, saffron",Gram flour,vegetarian,Baked,sweet,Anytime,Gujarathi,North Indian,Not Rich in Protein,High Fiber,,,,,
Mushroom do pyaza,"Mushroom, malai, garam masala, ginger, capsicum",Mushrooms,vegetarian,Curry,spicy,Dinner,Punjabi,North Indian,Rich in Protein,High Fiber,,,,,
Mushroom matar,"Canned coconut milk, frozen green peas, wild mushrooms, garam masala, tomatoes",Mushrooms,vegetarian,Curry,spicy,Dinner,Punjabi,North Indian,Rich in Protein,High Fiber,,,,,
Muthiya,"Bottle gourd, whole wheat flour, rava, sesame seeds, bengal gram flour",Gram flour,vegetarian,Fried,bitter,Anytime,Gujarathi,North Indian,Not Rich in Protein,High Fiber,,,,,
Mysore pak,"Besan flour, semolina, mung bean, jaggery, coconut, skimmed milk powder, sugar, ghee",Gram flour,vegetarian,Baked,sweet,Anytime,Karnataka,South Indian,Not Rich in Protein,High Fiber,,,,,
Naan,"Whole wheat flour, honey, butter, garlic",Flour,vegetarian,Baked,-1,Anytime,Punjabi,North Indian,Not Rich in Protein,High Fiber,,,,,
Namakpara,"Wheat flour, baking soda, all purpose flour, black pepper, sunflower oil",Wheat flour,vegetarian,Fried,spicy,Anytime,Gujarathi,North Indian,Not Rich in Protein,High Fiber,,,,,
Nankhatai,"Refined flour, besan, ghee, powdered sugar, yoghurt, green cardamom",Flour,vegetarian,Baked,sweet,Anytime,-1,-1,Not Rich in Protein,High Fiber,,,,,
Navrattan korma,"Green beans, potatoes, khus khus, low fat, garam masala powder",Mixed vegetables,vegetarian,Curry,spicy,Dinner,Uttar Pradesh,North Indian,Not Rich in Protein,Vitamins and Minerals,,,,,
Obbattu holige,"Maida flour, turmeric, coconut, chickpeas, jaggery, ghee, cardamom",Flour,vegetarian,Baked,sweet,Anytime,Karnataka,South Indian,Not Rich in Protein,High Fiber,,,,,
Pachadi,"Coconut oil, cucumber, curd, curry leaves, mustard seeds",Yogurt,vegetarian,Curry,-1,Lunch,-1,South Indian,Not Rich in Protein,Vitamins and Minerals,,,,,
Pakhala,"Curd, cooked rice, curry leaves, dry chilli",Rice,vegetarian,Boiled (or Steamed),-1,Lunch,Odisha,North Indian,Rich in Protein,High Fiber,,,,,
Palak paneer,"Cottage cheese, palak, cream, garam masala, butter",Spinach,vegetarian,Curry,spicy,Dinner,Punjabi,North Indian,Not Rich in Protein,Vitamins and Minerals,,,,,
Palathalikalu,"Rice flour, milk",Rice flour,vegetarian,Boiled (or Steamed),sweet,Anytime,Hyderabadi,South Indian,Rich in Protein,High Fiber,,,,,
Paneer butter masala,"Paneer, whipping cream, garam masala, cashew nuts, butter",Paneer,vegetarian,Curry,spicy,Dinner,Punjabi,North Indian,Rich in Protein,High Fat,,,,,
Paneer tikka masala,"Paneer, greek yogurt, tandoori masala, cream, bell pepper",Paneer,vegetarian,Curry,spicy,Dinner,Punjabi,North Indian,Not Rich in Protein,High Fat,,,,,
Pani Pitha,"Tea leaves, white sesame seeds, dry coconut, soaked rice",Rice flour,vegetarian,Boiled (or Steamed),-1,Anytime,Assam,North Indian,Not Rich in Protein,High Fiber,,,,,
Pani puri,"Kala chana, mashed potato, boondi, sev, lemon",Semolina,vegetarian,Fried,spicy,Evening,-1,-1,Not Rich in Protein,High Fiber,,,,,
Paniyaram,"Yogurt, ginger, curry leaves, baking soda, green chilli","Lentil, rice batter",vegetarian,Fried,-1,Anytime,Tamil,South Indian,Not Rich in Protein,High Fiber,,,,,
Panjeeri,"Whole wheat flour, musk melon seeds, poppy seeds, edible gum, semolina",Semolina,vegetarian,Baked,sweet,Anytime,Uttar Pradesh,,Not Rich in Protein,High Fiber,,,,,
Pantua,"Chhena, sugar, ghee, flour",Cottage cheese (Chhena),vegetarian,Fried,sweet,Anytime,Bengali,North Indian,Not Rich in Protein,High Fiber,,,,,
Papad,"Urad dal, sev, lemon juice, chopped tomatoes",Lentil flour,vegetarian,Fried,spicy,Anytime,-1,-1,Not Rich in Protein,High Fiber,,,,,
Papadum,"Lentils, black pepper, vegetable oil",Lentil flour,vegetarian,Fried,spicy,Anytime,Kerala,South Indian,Not Rich in Protein,High Fiber,,,,,
Paratha,"Wheat flour, butter, potato, coriander",Wheat flour,vegetarian,Roasted,spicy,Anytime,Punjabi,North Indian,Not Rich in Protein,High Fiber,,,,,
Paravannam,"Raw rice,  jaggery, milk",Rice,vegetarian,Boiled (or Steamed),spicy,Anytime,Kerala,South Indian,Not Rich in Protein,Vitamins and Minerals,,,,,
Paruppu sadam,"Arhar dal, sambar powder, tomato, curry leaves, fennel seeds","Lentils, rice",vegetarian,Boiled (or Steamed),-1,Lunch,Tamil,South Indian,Not Rich in Protein,High Fiber,,,,,
Patra,"Arbi ke patte, sesame seeds, gur, bengal gram flour, imli",Colocasia leaves,vegetarian,Boiled (or Steamed),spicy,Anytime,Gujarathi,North Indian,Not Rich in Protein,High Fiber,,,,,
Pattor,"Arbi ke patte, sesame seeds, gur, bengal gram flour, imli",Gram flour,vegetarian,Boiled (or Steamed),spicy,Anytime,Rajasthan,North Indian,Not Rich in Protein,High Fiber,,,,,
Pav Bhaji,"Pav bhaji masala, gobi, potatoes, green peas, dinner rolls",Mixed vegetables,vegetarian,Curry,spicy,Anytime,Maharashtrian,North Indian,Rich in Protein,High Fiber,,,,,
Payasam,"Rice, cashew nuts, milk, raisins, sugar",Milk,vegetarian,Curry,sweet,Anytime,-1,South Indian,Not Rich in Protein,Vitamins and Minerals,,,,,
Payokh,"Basmati rice, rose water, sugar, clarified butter, cardamom pods",Milk,vegetarian,Boiled (or Steamed),sweet,Anytime,Assam,North Indian,Not Rich in Protein,High Fiber,,,,,
Pesarattu,"Green moong beans, rice flour",Green gram (Moong dal),vegetarian,Fried,spicy,Breakfast,Hyderabadi,South Indian,Not Rich in Protein,High Fiber,,,,,
Petha,"Firm white pumpkin, sugar, kitchen lime, alum powder",Ash gourd (Winter melon),vegetarian,Fried,sweet,Anytime,Uttar Pradesh,North Indian,Not Rich in Protein,High Fiber,,,,,
Phirni,"Rice, sugar, nuts",Rice,vegetarian,Boiled (or Steamed),sweet,Anytime,Odisha,North Indian,Not Rich in Protein,Calcium-Rich,,,,,
Pinaca,"Brown rice, fennel seeds, grated coconut, black pepper, ginger powder",Jaggery,vegetarian,Boiled (or Steamed),sweet,Anytime,Goan,North Indian,Not Rich in Protein,High Fiber,,,,,
Pindi chana,"Fennel, tea bags, tomato, kasuri methi, cinnamon",Chickpeas,vegetarian,Baked,spicy,Anytime,Punjabi,North Indian,Not Rich in Protein,High Fiber,,,,,
Pithe,"Rice flour, wheat flour",Rice flour,vegetarian,Curry,sweet,Anytime,Assam,North Indian,Not Rich in Protein,High Fiber,,,,,
Poha,"Beaten rice flakes, potato, curry leaves, green chilies, lemon juice",Flattened rice,vegetarian,Boiled (or Steamed),spicy,Anytime,Maharashtrian,North Indian,Not Rich in Protein,High Fiber,,,,,
Pongal,"Rice, jaggery, cashews, ghee","Rice, lentils",vegetarian,Boiled (or Steamed),sweet,Anytime,Tamil,South Indian,Not Rich in Protein,High Fiber,,,,,
Poori,,Wheat flour,vegetarian,Fried,-1,Dinner,Tamil,South Indian,Not Rich in Protein,High Fiber,,,,,
Poornalu,"Chana dal, jaggery",Jaggery,vegetarian,Boiled (or Steamed),sweet,Anytime,Hyderabadi,South Indian,Not Rich in Protein,High Fiber,,,,,
Pootharekulu,"Rice flour, powdered sugar, ghee",Rice flour,vegetarian,Fried,sweet,Anytime,Hyderabadi,South Indian,Not Rich in Protein,High Fiber,,,,,
Poriyal,"Chana dal, urad dal, beans, coconut, mustard",Mixed vegetables,vegetarian,Baked,spicy,Dinner,Tamil,South Indian,Not Rich in Protein,High Fiber,,,,,
Pork Bharta,"Boiled pork, onions, chillies, ginger and garlic",Pork,non vegetarian,Fried,spicy,Dinner,Tripura,North Indian,Not Rich in Protein,Diabetic Friendly,,,,,
Prawn malai curry,"Coconut milk, prawns, garlic, turmeric, sugar",Prawns,non vegetarian,Curry,spicy,Dinner,Bengali,North Indian,Not Rich in Protein,Diabetic Friendly,,,,,
Puli sadam,"Urad dal, lemon, tamarind, cooked rice, curry leaves",rice,vegetarian,Curry,-1,Lunch,Tamil,South Indian,Not Rich in Protein,High Fiber,,,,,
Puri Bhaji,"Aloo, urad dal, mustard, ginger, curry leaves",Potato,vegetarian,Curry,spicy,Breakfast,Maharashtrian,North Indian,Rich in Protein,High Fiber,,,,,
Puttu,"Brown rice flour, sugar, grated coconut",Rice flour,vegetarian,Fried,-1,Breakfast,Kerala,South Indian,Rich in Protein,High Fiber,,,,,
Qubani ka meetha,"Apricots, sugar syrup",sugar,vegetarian,Boiled (or Steamed),sweet,Anytime,Hyderabadi,South Indian,Not Rich in Protein,High Fiber,,,,,
Rabri,"Condensed milk, sugar, spices, nuts",milk,vegetarian,Baked,sweet,Anytime,Uttar Pradesh,North Indian,Not Rich in Protein,High Fiber,,,,,
Ragi Dosa,,Ragi,vegetarian,Spread,spicy,Dinner,Tamil,South Indian,Rich in Protein,High Fiber,,,,,
Rajma chaval,"Red kidney beans, garam masala powder, ginger, tomato, mustard oil",Red kidney beans,vegetarian,Boiled (or Steamed),spicy,Lunch,-1,North Indian,Not Rich in Protein,High Fat,,,,,
Ras malai,"Chhena, reduced milk, pistachio",milk,vegetarian,Curry,sweet,Anytime,Bengali,North Indian,Not Rich in Protein,High Fiber,,,,,
Rasabali,"Chenna, sweetened milk",milk,vegetarian,Boiled (or Steamed),sweet,Anytime,Odisha,North Indian,Not Rich in Protein,High Fat,,,,,
Rasam,"Tomato, curry leaves, garlic, mustard seeds, hot water",tamarind,vegetarian,Curry,spicy,Lunch,-1,South Indian,Not Rich in Protein,High Fat,,,,,
Rasgulla,"Chhena, sugar, cardamom",milk,vegetarian,Boiled (or Steamed),sweet,Anytime,Bengali,North Indian,Rich in Protein,Vitamins and Minerals,,,,,
Red Rice,"Red pepper, red onion, butter, watercress, olive oil",rice,vegetarian,Boiled (or Steamed),-1,Anytime,-1,-1,Not Rich in Protein,High Fat,,,,,
Rongi,"Garam masala powder, tomato, kasuri methi, cinnamon, mustard oil",tomato,vegetarian,Curry,-1,Anytime,Punjabi,North Indian,Not Rich in Protein,High Fiber,,,,,
Saath,"Urad dal, potatoes, wheat flour, sooji",Potato,vegetarian,Curry,spicy,Anytime,Gujarathi,North Indian,Not Rich in Protein,High Fiber,,,,,
Sabudana Khichadi,"Raw peanuts, sabudana, lemon, avocado oil, curry leaves, green chili",sabudana,vegetarian,Fried,spicy,Breakfast,Maharashtrian,North Indian,Not Rich in Protein,High Fiber,,,,,
Sambar,"Pigeon peas, eggplant, drumsticks, sambar powder, tamarind", dal,vegetarian,Curry,spicy,Lunch,-1,South Indian,Rich in Protein,High Fiber,,,,,
Samosa,"Potatoes, green peas, garam masala, ginger, dough",Potato,vegetarian,Fried,spicy,Anytime,-1,-1,Not Rich in Protein,High Fiber,,,,,
Sandesh,"Milk, sugar, saffron, cardamom",milk,vegetarian,Baked,sweet,Anytime,Bengali,North Indian,Not Rich in Protein,High Fiber,,,,,
Sandige,"Thin rice flakes, black sesame seeds, curry leaves",rice,vegetarian,Fried,-1,Anytime,Karnataka,South Indian,Not Rich in Protein,High Fiber,,,,,
Sattu ki roti,"Sattu, atta, dough, filling, mustard oil",Wheat flour,vegetarian,Roasted,spicy,Anytime,Bihar,North Indian,Not Rich in Protein,High Fiber,,,,,
Sev khamani,"Khaman, pomegranate, sev, powdered sugar, garlic",Semolina,vegetarian,Curry,spicy,Anytime,Gujarathi,North Indian,Not Rich in Protein,High Fiber,,,,,
Sev tameta,"Sev, ginger, tomato, sugar",Semolina,vegetarian,Curry,spicy,Dinner,Gujarathi,North Indian,Not Rich in Protein,High Fiber,,,,,
Sevai,"Sevai, parboiled rice, steamer",rice,vegetarian,Boiled (or Steamed),-1,Dinner,-1,South Indian,Not Rich in Protein,High Fiber,,,,,
Shahi paneer,"Cottage cheese, malai, garam masala, ginger, tomato",Paneer,vegetarian,Curry,spicy,Anytime,Punjabi,North Indian,Rich in Protein,High Fat,,,,,
Shahi tukra,"Rose water, milk, white bread slices, saffron, almonds",milk,vegetarian,Fried,sweet,Dinner,Hyderabadi,South Indian,Not Rich in Protein,High Fat,,,,,
Shankarpali,"Sugar, ghee, maida flour, semolina",Maida,vegetarian,Fried,sweet,Anytime,Maharashtrian,North Indian,Not Rich in Protein,High Fat,,,,,
Sheer korma,"Vermicelli pudding, milk",milk,vegetarian,Baked,sweet,Anytime,Hyderabadi,South Indian,Not Rich in Protein,High Fiber,,,,,
Sheera,"Semolina, ghee, nuts, milk",milk,vegetarian,Baked,sweet,Anytime,Maharashtrian,North Indian,Not Rich in Protein,High Fiber,,,,,
Shrikhand,"Curd, sugar, saffron, cardamom",curd,vegetarian,Baked,sweet,Anytime,Maharashtrian,North Indian,Not Rich in Protein,High Fiber,,,,,
Shufta,"Cottage cheese, dry dates, dried rose petals, pistachio, badam",cheese,vegetarian,Baked,sweet,Anytime,Jammu & Kashmir,North Indian,Not Rich in Protein,Diabetic Friendly,,,,,
Shukto,"Green beans, bitter gourd, ridge gourd, banana, brinjal",Vegetables,vegetarian,Curry,spicy,Anytime,Bengali,North Indian,Not Rich in Protein,High Fiber,,,,,
Singori,"Khoa, coconut, molu leaf",coconut,vegetarian,Baked,sweet,Dinner,Uttarakhand,North Indian,Not Rich in Protein,High Fiber,,,,,
Sohan halwa,"Corn flour, ghee, dry fruits",Corn flour,vegetarian,Baked,sweet,Anytime,Uttar Pradesh,North Indian,Not Rich in Protein,High Fiber,,,,,
Sohan papdi,"Gram flour, ghee, sugar, milk, cardamom",Gram flour,vegetarian,Baked,sweet,Anytime,Maharashtrian,North Indian,Not Rich in Protein,High Fiber,,,,,
Sukhdi,"Whole wheat flour, gur, clarified butter",Wheat flour,vegetarian,Baked,sweet,Anytime,Maharashtrian,North Indian,Not Rich in Protein,High Fiber,,,,,
Surnoli,"Rice flakes, yogurt, raw rice, jaggery, grated coconut",rice,vegetarian,Fried,spicy,Anytime,Maharashtrian,North Indian,Not Rich in Protein,High Fiber,,,,,
Sutar feni,"Maida, sugar, ghee",maida,vegetarian,Baked,sweet,Breakfast,Maharashtrian,North Indian,Not Rich in Protein,High Fat,,,,,s
Tandoori Chicken,"Greek yogurt, garam masala, kasuri methi, marinade, mustard oil",chicken,non vegetarian,Roasted,spicy,Anytime,Punjabi,North Indian,Rich in Protein,Diabetic Friendly,,,,,
Tandoori Fish Tikka,"Chickpea flour, biryani masala powder, yogurt, fish fillets, green bell pepper",fish,non vegetarian,Roasted,spicy,Dinner,Punjabi,North Indian,Rich in Protein,Diabetic Friendly,,,,,
Thalipeeth,"Whole wheat flour, rice flour, pearl millet flour, sorghum flour, sesame seeds",Wheat flour,vegetarian,Roasted,spicy,Dinner,Maharashtrian,North Indian,Not Rich in Protein,High Fiber,,,,,
Thayir sadam,"Urad dal, curd, sesame oil, ginger, curry leaves, mustard seeds",rice,vegetarian,Boiled (or Steamed),-1,Lunch,Tamil,South Indian,Not Rich in Protein,Vitamins and Minerals,,,,,
Theeyal,"Coconut, whole red beans, masala, sesame oil, tamarind",coconut,vegetarian,Curry,-1,Lunch,Kerala,South Indian,Not Rich in Protein,Vitamins and Minerals,,,,,
Thepla,"Chickpea flour, methi leaves, jowar flour, wheat flour",Wheat flour,vegetarian,Curry,spicy,Anytime,Gujarathi,North Indian,Not Rich in Protein,High Fiber,,,,,
Til Pitha,"Glutinous rice, black sesame seeds, gur",rice,vegetarian,Fried,sweet,Anytime,Assam,North Indian,Not Rich in Protein,High Fiber,,,,,
Turiya Patra Vatana sabji,"Ridge gourd, baking soda, sugar, grated coconut, peas",coconut,vegetarian,Curry,spicy,Dinner,Gujarathi,North Indian,Not Rich in Protein,High Fiber,,,,,
Undhiyu,"Sweet potato, surti papdi, baby potatoes, valor papdi, green peas",Potato,vegetarian,Curry,spicy,Dinner,Gujarathi,North Indian,Not Rich in Protein,High Fiber,,,,,
Unni Appam,"Rice flour, banana, jaggery, coconut",coconut,vegetarian,Fried,sweet,Anytime,Tamil,South Indian,Not Rich in Protein,High Fiber,,,,,
Upma,"Chana dal, urad dal, ginger, curry leaves, sugar",Urad dal,vegetarian,Boiled (or Steamed),spicy,Breakfast,-1,-1,Not Rich in Protein,High Fiber,,,,,
Uttapam,"Chana dal, urad dal, thick poha, tomato, butter",Urad dal,vegetarian,Roasted,spicy,Anytime,-1,South Indian,Not Rich in Protein,High Fiber,,,,,
Vada,"Urad dal, ginger, curry leaves, green chilies, black pepper",Urad dal,vegetarian,Fried,spicy,Anytime,-1,South Indian,Not Rich in Protein,High Fiber,,,,,
Veg Kolhapuri,"Gobi, potato, beans, khus khus, coconut",cauliflower,vegetarian,Curry,spicy,Anytime,Maharashtrian,North Indian,Not Rich in Protein,High Fiber,,,,,
Vegetable jalfrezi,"Baby corn, french beans, garam masala, ginger, carrot",Vegetables,vegetarian,Curry,spicy,Dinner,Punjabi,North Indian,Not Rich in Protein,High Fiber,,,,,
Vindaloo,"Chicken, coconut oil, wine vinegar, ginger, green, cinnamon",chicken,non vegetarian,Curry,spicy,Dinner,Goan,North Indian,Rich in Protein,Diabetic Friendly,,,,,
Zunka,"Gram flour, mustard, garlic, turmeric, red chilli",Gram flour,vegetarian,Curry,spicy,Dinner,Maharashtrian,North Indian,Not Rich in Protein,High Fiber,,,,,
